commande_id;typeCommande;dateHeure;statusCommande;adresse_fk;client_fk
1;sur_place;2025-01-15 16:11:04;livrée;;118
2;emporter;2025-01-15 17:03:10;livrée;;193
3;sur_place;2025-01-15 18:53:04;livrée;;75
4;emporter;2025-01-15 22:00:36;livrée;;213
5;sur_place;2025-01-15 22:09:55;livrée;;204
6;emporter;2025-01-15 23:17:20;livrée;;110
7;livraison;2025-01-16 01:22:40;annulée;28;24
8;livraison;2025-01-16 05:14:34;livrée;194;157
9;emporter;2025-01-16 13:18:48;livrée;;36
10;emporter;2025-01-16 15:37:03;livrée;;153
11;livraison;2025-01-16 17:35:50;livrée;20;16
12;emporter;2025-01-16 18:21:34;livrée;;217
13;sur_place;2025-01-16 21:00:41;livrée;;43
14;sur_place;2025-01-16 21:30:59;livrée;;15
15;emporter;2025-01-16 22:57:19;livrée;;108
16;livraison;2025-01-16 23:54:54;livrée;94;73
17;emporter;2025-01-17 01:05:33;livrée;;7
18;sur_place;2025-01-17 01:20:00;livrée;;61
19;livraison;2025-01-17 05:50:04;livrée;141;112
20;emporter;2025-01-17 12:34:35;livrée;;219
21;livraison;2025-01-17 14:36:33;annulée;259;210
22;livraison;2025-01-17 15:03:34;livrée;64;51
23;emporter;2025-01-17 17:14:55;livrée;;48
24;sur_place;2025-01-18 01:27:41;livrée;;92
25;emporter;2025-01-18 01:33:39;livrée;;41
26;sur_place;2025-01-18 04:22:43;livrée;;180
27;livraison;2025-01-18 11:53:31;livrée;255;206
28;livraison;2025-01-18 12:42:41;livrée;181;144
29;livraison;2025-01-18 17:15:49;livrée;257;208
30;livraison;2025-01-18 19:34:32;livrée;55;43
31;livraison;2025-01-19 00:38:29;livrée;53;42
32;emporter;2025-01-19 01:10:32;livrée;;25
33;emporter;2025-01-19 01:37:18;livrée;;170
34;sur_place;2025-01-19 03:34:03;livrée;;139
35;livraison;2025-01-19 04:37:11;livrée;57;45
36;emporter;2025-01-19 04:38:19;livrée;;108
37;livraison;2025-01-19 06:22:29;livrée;130;102
38;emporter;2025-01-19 08:55:31;livrée;;166
39;sur_place;2025-01-19 10:34:52;livrée;;130
40;sur_place;2025-01-19 11:19:05;livrée;;62
41;livraison;2025-01-19 11:20:10;livrée;72;57
42;livraison;2025-01-19 13:40:55;livrée;222;182
43;emporter;2025-01-19 13:44:35;livrée;;17
44;livraison;2025-01-19 14:00:40;livrée;184;147
45;livraison;2025-01-19 14:50:27;livrée;228;186
46;sur_place;2025-01-19 15:01:41;livrée;;175
47;emporter;2025-01-19 16:42:31;livrée;;46
48;livraison;2025-01-19 19:24:48;livrée;121;96
49;livraison;2025-01-19 21:37:44;livrée;98;77
50;emporter;2025-01-19 23:25:39;livrée;;130
51;livraison;2025-01-19 23:56:09;annulée;218;178
52;livraison;2025-01-20 02:06:16;livrée;67;54
53;emporter;2025-01-20 04:44:20;livrée;;174
54;emporter;2025-01-20 04:48:43;livrée;;117
55;livraison;2025-01-20 05:53:05;livrée;59;47
56;livraison;2025-01-20 09:32:59;livrée;169;135
57;livraison;2025-01-20 10:06:29;livrée;163;130
58;livraison;2025-01-20 11:20:41;livrée;235;191
59;livraison;2025-01-20 12:48:31;livrée;244;197
60;emporter;2025-01-20 14:26:03;livrée;;127
61;sur_place;2025-01-20 15:08:26;livrée;;169
62;livraison;2025-01-20 15:37:54;livrée;127;100
63;emporter;2025-01-20 18:25:00;livrée;;132
64;livraison;2025-01-20 18:25:28;livrée;104;83
65;livraison;2025-01-20 23:41:20;livrée;89;69
66;sur_place;2025-01-20 23:46:01;livrée;;100
67;emporter;2025-01-21 00:05:24;livrée;;155
68;livraison;2025-01-21 01:05:02;livrée;51;40
69;sur_place;2025-01-21 02:13:50;livrée;;138
70;sur_place;2025-01-21 03:15:19;livrée;;83
71;livraison;2025-01-21 04:19:07;livrée;68;54
72;emporter;2025-01-21 21:22:54;livrée;;184
73;emporter;2025-01-21 23:03:37;livrée;;159
74;livraison;2025-01-22 00:51:24;livrée;128;101
75;livraison;2025-01-22 01:35:47;livrée;177;141
76;sur_place;2025-01-22 02:04:28;livrée;;205
77;emporter;2025-01-22 03:37:37;livrée;;61
78;emporter;2025-01-22 04:45:37;livrée;;44
79;emporter;2025-01-22 05:09:19;livrée;;138
80;sur_place;2025-01-22 06:03:15;livrée;;10
81;livraison;2025-01-22 06:27:26;livrée;195;158
82;livraison;2025-01-22 07:41:40;livrée;221;181
83;emporter;2025-01-22 08:03:48;livrée;;59
84;livraison;2025-01-22 10:59:43;annulée;44;35
85;livraison;2025-01-22 13:01:35;livrée;55;43
86;sur_place;2025-01-22 18:37:50;livrée;;24
87;livraison;2025-01-22 22:35:23;livrée;264;215
88;sur_place;2025-01-22 22:40:49;livrée;;81
89;livraison;2025-01-22 22:44:44;livrée;83;65
90;emporter;2025-01-23 05:34:17;livrée;;202
91;emporter;2025-01-23 08:16:05;livrée;;23
92;emporter;2025-01-23 10:29:11;livrée;;179
93;emporter;2025-01-23 12:47:54;livrée;;150
94;livraison;2025-01-23 13:24:44;livrée;172;138
95;livraison;2025-01-23 13:48:38;livrée;123;98
96;emporter;2025-01-23 13:51:51;livrée;;147
97;livraison;2025-01-23 16:29:01;livrée;25;21
98;emporter;2025-01-23 16:34:42;livrée;;33
99;emporter;2025-01-23 18:40:34;livrée;;67
100;emporter;2025-01-23 20:00:32;livrée;;209
101;emporter;2025-01-23 20:49:59;livrée;;77
102;sur_place;2025-01-23 22:15:09;livrée;;167
103;livraison;2025-01-24 01:57:44;livrée;133;104
104;livraison;2025-01-24 03:57:47;livrée;76;61
105;livraison;2025-01-24 04:37:49;annulée;169;135
106;livraison;2025-01-24 08:15:44;livrée;236;192
107;sur_place;2025-01-24 09:54:06;livrée;;197
108;livraison;2025-01-24 11:24:00;livrée;218;178
109;emporter;2025-01-24 11:25:07;livrée;;6
110;emporter;2025-01-24 12:09:23;livrée;;38
111;emporter;2025-01-24 12:49:26;livrée;;198
112;emporter;2025-01-24 12:59:08;livrée;;29
113;livraison;2025-01-24 13:19:38;livrée;241;195
114;sur_place;2025-01-24 22:20:28;livrée;;76
115;livraison;2025-01-24 22:49:48;livrée;246;199
116;livraison;2025-01-25 00:36:29;livrée;14;12
117;emporter;2025-01-25 00:53:58;livrée;;214
118;sur_place;2025-01-25 03:47:02;livrée;;137
119;livraison;2025-01-25 05:00:32;livrée;220;180
120;emporter;2025-01-25 10:45:22;livrée;;140
121;emporter;2025-01-25 12:01:04;livrée;;220
122;livraison;2025-01-25 12:21:24;livrée;71;56
123;sur_place;2025-01-25 15:15:29;livrée;;82
124;sur_place;2025-01-25 17:19:07;livrée;;13
125;emporter;2025-01-25 21:15:20;livrée;;111
126;emporter;2025-01-26 03:56:07;livrée;;22
127;sur_place;2025-01-26 04:31:14;livrée;;140
128;sur_place;2025-01-26 05:39:00;livrée;;169
129;emporter;2025-01-26 08:57:41;livrée;;11
130;livraison;2025-01-26 10:08:33;livrée;128;101
131;livraison;2025-01-26 12:48:01;livrée;182;145
132;emporter;2025-01-26 14:41:50;livrée;;200
133;sur_place;2025-01-26 17:07:52;livrée;;100
134;sur_place;2025-01-26 17:28:02;livrée;;212
135;emporter;2025-01-27 00:57:26;livrée;;189
136;emporter;2025-01-27 03:10:13;livrée;;116
137;livraison;2025-01-27 04:58:30;livrée;206;167
138;emporter;2025-01-27 05:26:41;livrée;;183
139;livraison;2025-01-27 05:48:55;livrée;3;2
140;sur_place;2025-01-27 06:21:27;livrée;;171
141;emporter;2025-01-27 07:10:45;livrée;;71
142;sur_place;2025-01-27 10:08:05;livrée;;160
143;sur_place;2025-01-27 10:17:53;livrée;;107
144;livraison;2025-01-27 12:12:36;livrée;195;158
145;livraison;2025-01-27 16:15:05;livrée;228;186
146;livraison;2025-01-27 17:23:43;livrée;249;201
147;livraison;2025-01-28 00:27:07;livrée;30;26
148;emporter;2025-01-28 04:39:49;livrée;;191
149;emporter;2025-01-28 11:12:36;livrée;;141
150;livraison;2025-01-28 11:42:59;livrée;58;46
151;livraison;2025-01-28 12:18:47;livrée;255;206
152;emporter;2025-01-28 13:18:02;livrée;;217
153;emporter;2025-01-28 14:50:55;livrée;;159
154;emporter;2025-01-28 17:26:56;livrée;;119
155;livraison;2025-01-28 19:13:36;livrée;200;163
156;livraison;2025-01-28 20:31:07;livrée;194;157
157;emporter;2025-01-28 23:17:42;livrée;;122
158;livraison;2025-01-29 01:34:24;livrée;156;125
159;livraison;2025-01-29 01:39:29;livrée;266;217
160;livraison;2025-01-29 11:19:31;livrée;209;170
161;emporter;2025-01-29 11:31:00;livrée;;205
162;livraison;2025-01-29 14:25:31;livrée;232;189
163;livraison;2025-01-29 14:33:42;livrée;26;22
164;emporter;2025-01-29 15:01:36;livrée;;122
165;livraison;2025-01-29 15:18:33;annulée;170;136
166;emporter;2025-01-29 19:08:31;livrée;;134
167;livraison;2025-01-29 19:12:12;livrée;190;153
168;livraison;2025-01-29 21:32:54;livrée;209;170
169;sur_place;2025-01-29 23:40:58;livrée;;18
170;livraison;2025-01-30 00:14:12;livrée;184;147
171;livraison;2025-01-30 00:29:44;livrée;216;177
172;livraison;2025-01-30 00:49:58;livrée;13;11
173;sur_place;2025-01-30 01:01:56;livrée;;128
174;emporter;2025-01-30 01:50:36;livrée;;159
175;sur_place;2025-01-30 03:49:32;livrée;;148
176;emporter;2025-01-30 05:57:08;annulée;;125
177;emporter;2025-01-30 06:47:36;livrée;;106
178;sur_place;2025-01-30 10:09:27;livrée;;139
179;sur_place;2025-01-30 14:22:42;livrée;;195
180;sur_place;2025-01-30 15:53:16;livrée;;189
181;emporter;2025-01-30 16:08:32;livrée;;72
182;livraison;2025-01-30 17:03:00;livrée;152;122
183;livraison;2025-01-30 17:24:04;annulée;230;188
184;sur_place;2025-01-30 17:30:44;livrée;;181
185;emporter;2025-01-30 19:57:24;livrée;;176
186;emporter;2025-01-30 22:33:23;livrée;;86
187;sur_place;2025-01-30 22:49:20;livrée;;212
188;emporter;2025-01-31 00:36:07;livrée;;179
189;livraison;2025-01-31 04:59:19;livrée;263;214
190;sur_place;2025-01-31 06:41:05;livrée;;73
191;emporter;2025-01-31 06:47:59;livrée;;182
192;livraison;2025-01-31 07:15:22;livrée;96;75
193;livraison;2025-01-31 10:56:38;livrée;18;15
194;livraison;2025-01-31 12:37:51;livrée;224;184
195;sur_place;2025-01-31 12:57:29;livrée;;70
196;emporter;2025-01-31 13:20:17;livrée;;119
197;sur_place;2025-01-31 13:29:35;livrée;;18
198;sur_place;2025-01-31 14:03:39;livrée;;70
199;emporter;2025-01-31 16:59:45;livrée;;93
200;livraison;2025-01-31 23:49:09;livrée;171;137
201;livraison;2025-02-01 02:42:05;livrée;234;191
202;emporter;2025-02-01 02:42:53;livrée;;12
203;livraison;2025-02-01 04:54:58;livrée;162;129
204;livraison;2025-02-01 05:57:19;livrée;142;113
205;emporter;2025-02-01 08:21:41;livrée;;99
206;emporter;2025-02-01 08:47:57;livrée;;173
207;emporter;2025-02-01 08:49:56;livrée;;104
208;sur_place;2025-02-01 13:05:31;livrée;;197
209;sur_place;2025-02-01 15:20:24;livrée;;126
210;emporter;2025-02-01 16:36:54;livrée;;200
211;livraison;2025-02-01 17:33:00;livrée;243;197
212;emporter;2025-02-01 21:18:39;livrée;;138
213;emporter;2025-02-01 21:06:44;livrée;;173
214;emporter;2025-02-01 22:20:03;annulée;;55
215;sur_place;2025-02-01 23:14:46;livrée;;136
216;livraison;2025-02-01 23:44:27;livrée;198;161
217;sur_place;2025-02-02 04:16:26;livrée;;217
218;livraison;2025-02-02 05:10:47;livrée;93;72
219;sur_place;2025-02-02 13:55:59;livrée;;24
220;sur_place;2025-02-02 14:52:51;livrée;;189
221;livraison;2025-02-02 16:24:14;livrée;93;72
222;livraison;2025-02-02 17:08:10;livrée;117;93
223;livraison;2025-02-02 18:13:34;livrée;260;211
224;sur_place;2025-02-02 18:26:03;livrée;;209
225;sur_place;2025-02-02 20:52:28;livrée;;64
226;sur_place;2025-02-02 21:36:13;livrée;;47
227;emporter;2025-02-02 21:43:55;livrée;;51
228;emporter;2025-02-02 21:49:00;livrée;;183
229;livraison;2025-02-02 22:35:05;livrée;76;61
230;sur_place;2025-02-03 02:03:16;livrée;;61
231;emporter;2025-02-03 02:12:47;livrée;;149
232;livraison;2025-02-03 02:19:38;livrée;88;68
233;sur_place;2025-02-03 03:50:04;livrée;;10
234;livraison;2025-02-03 06:49:09;livrée;182;145
235;livraison;2025-02-03 07:35:33;livrée;146;117
236;emporter;2025-02-03 07:47:51;livrée;;73
237;livraison;2025-02-03 08:01:35;livrée;140;111
238;emporter;2025-02-03 08:24:01;livrée;;158
239;sur_place;2025-02-03 08:56:33;livrée;;206
240;sur_place;2025-02-03 10:42:15;livrée;;197
241;emporter;2025-02-03 12:20:48;livrée;;48
242;sur_place;2025-02-03 12:48:09;livrée;;158
243;livraison;2025-02-03 15:53:12;livrée;155;124
244;sur_place;2025-02-03 16:00:52;livrée;;76
245;sur_place;2025-02-03 17:11:33;livrée;;16
246;livraison;2025-02-03 18:58:57;livrée;265;216
247;emporter;2025-02-03 19:02:54;livrée;;192
248;emporter;2025-02-03 20:35:18;livrée;;59
249;livraison;2025-02-03 21:58:18;livrée;249;201
250;livraison;2025-02-04 02:54:52;livrée;108;86
251;livraison;2025-02-04 03:11:00;livrée;46;36
252;emporter;2025-02-04 06:24:21;livrée;;165
253;emporter;2025-02-04 07:40:33;livrée;;89
254;sur_place;2025-02-04 07:41:04;livrée;;10
255;emporter;2025-02-04 13:07:25;livrée;;67
256;sur_place;2025-02-04 15:14:40;livrée;;2
257;sur_place;2025-02-04 15:38:47;livrée;;93
258;livraison;2025-02-04 18:17:01;livrée;142;113
259;livraison;2025-02-04 18:21:20;livrée;39;31
260;emporter;2025-02-04 21:37:11;livrée;;126
261;emporter;2025-02-04 23:52:33;livrée;;115
262;livraison;2025-02-04 23:58:47;livrée;253;204
263;livraison;2025-02-05 03:45:22;livrée;59;47
264;emporter;2025-02-05 07:27:55;livrée;;37
265;sur_place;2025-02-05 08:31:01;livrée;;153
266;emporter;2025-02-05 08:42:15;livrée;;202
267;livraison;2025-02-05 09:07:39;livrée;262;213
268;livraison;2025-02-05 10:08:21;livrée;93;72
269;livraison;2025-02-05 10:28:23;livrée;4;3
270;sur_place;2025-02-05 12:32:28;livrée;;209
271;emporter;2025-02-05 13:26:04;livrée;;161
272;sur_place;2025-02-05 16:14:41;livrée;;190
273;livraison;2025-02-05 17:30:01;livrée;1;1
274;sur_place;2025-02-05 17:50:13;livrée;;2
275;sur_place;2025-02-05 19:53:48;annulée;;123
276;livraison;2025-02-06 00:07:29;livrée;23;19
277;emporter;2025-02-06 01:09:17;livrée;;111
278;emporter;2025-02-06 02:22:10;livrée;;201
279;sur_place;2025-02-06 05:56:26;livrée;;80
280;sur_place;2025-02-06 06:12:02;livrée;;61
281;emporter;2025-02-06 06:47:34;livrée;;178
282;emporter;2025-02-06 07:55:44;livrée;;209
283;emporter;2025-02-06 08:27:15;livrée;;6
284;livraison;2025-02-06 10:08:21;livrée;197;160
285;sur_place;2025-02-06 13:30:03;livrée;;218
286;sur_place;2025-02-06 16:05:05;livrée;;69
287;emporter;2025-02-06 16:26:46;livrée;;141
288;emporter;2025-02-06 16:26:50;livrée;;60
289;emporter;2025-02-06 20:49:43;livrée;;71
290;sur_place;2025-02-06 21:19:55;livrée;;54
291;emporter;2025-02-06 22:30:27;livrée;;143
292;emporter;2025-02-07 12:59:52;annulée;;77
293;sur_place;2025-02-07 13:35:10;livrée;;17
294;emporter;2025-02-07 13:46:10;livrée;;117
295;sur_place;2025-02-07 17:05:12;livrée;;171
296;sur_place;2025-02-07 17:20:56;annulée;;118
297;livraison;2025-02-07 21:28:08;livrée;125;99
298;emporter;2025-02-07 21:38:58;livrée;;43
299;livraison;2025-02-07 23:10:13;livrée;93;72
300;livraison;2025-02-07 23:36:37;livrée;224;184
301;livraison;2025-02-08 02:00:42;livrée;72;57
302;emporter;2025-02-08 04:22:34;livrée;;31
303;livraison;2025-02-08 05:17:24;livrée;106;84
304;sur_place;2025-02-08 05:28:27;livrée;;150
305;emporter;2025-02-08 06:35:40;livrée;;159
306;emporter;2025-02-08 07:03:53;livrée;;7
307;emporter;2025-02-08 07:54:07;livrée;;53
308;sur_place;2025-02-08 09:31:51;livrée;;201
309;sur_place;2025-02-08 11:40:54;livrée;;98
310;livraison;2025-02-08 12:39:06;livrée;129;102
311;sur_place;2025-02-08 16:43:49;livrée;;177
312;livraison;2025-02-08 17:22:38;livrée;81;64
313;livraison;2025-02-08 18:05:05;livrée;239;193
314;sur_place;2025-02-08 18:27:57;livrée;;188
315;emporter;2025-02-08 23:52:40;livrée;;163
316;livraison;2025-02-09 01:14:47;livrée;89;69
317;sur_place;2025-02-09 05:58:51;livrée;;179
318;livraison;2025-02-09 06:09:14;livrée;201;164
319;sur_place;2025-02-09 08:02:12;livrée;;188
320;sur_place;2025-02-09 12:10:35;livrée;;30
321;livraison;2025-02-09 15:26:35;livrée;73;58
322;emporter;2025-02-09 18:07:50;livrée;;75
323;livraison;2025-02-09 18:08:34;livrée;127;100
324;livraison;2025-02-10 01:49:57;livrée;236;192
325;livraison;2025-02-10 02:21:00;livrée;20;16
326;livraison;2025-02-10 09:34:59;livrée;113;90
327;livraison;2025-02-10 12:31:15;livrée;32;27
328;emporter;2025-02-10 12:32:26;livrée;;9
329;emporter;2025-02-10 13:05:32;livrée;;3
330;emporter;2025-02-10 13:21:33;livrée;;147
331;livraison;2025-02-10 16:48:03;livrée;223;183
332;emporter;2025-02-10 19:40:35;livrée;;130
333;livraison;2025-02-10 20:23:33;livrée;168;134
334;livraison;2025-02-10 22:42:14;livrée;229;187
335;sur_place;2025-02-11 03:54:43;annulée;;202
336;sur_place;2025-02-11 06:01:19;livrée;;57
337;emporter;2025-02-11 06:56:37;livrée;;44
338;livraison;2025-02-11 07:20:08;livrée;137;108
339;livraison;2025-02-11 08:42:46;livrée;134;105
340;livraison;2025-02-11 09:19:08;livrée;262;213
341;livraison;2025-02-11 09:31:12;livrée;212;173
342;livraison;2025-02-11 11:56:04;livrée;232;189
343;livraison;2025-02-11 13:06:34;livrée;114;90
344;emporter;2025-02-11 14:54:26;livrée;;113
345;livraison;2025-02-11 15:16:16;livrée;158;127
346;sur_place;2025-02-11 17:17:25;livrée;;112
347;emporter;2025-02-11 19:11:57;livrée;;47
348;sur_place;2025-02-11 19:32:11;livrée;;87
349;emporter;2025-02-11 19:56:00;livrée;;86
350;emporter;2025-02-11 20:03:32;livrée;;28
351;sur_place;2025-02-11 21:44:10;livrée;;108
352;livraison;2025-02-11 22:16:14;livrée;162;129
353;emporter;2025-02-11 23:14:54;livrée;;48
354;emporter;2025-02-11 23:21:05;livrée;;211
355;livraison;2025-02-12 05:22:55;livrée;105;84
356;livraison;2025-02-12 08:41:51;livrée;271;220
357;emporter;2025-02-12 09:11:52;livrée;;49
358;emporter;2025-02-12 09:56:52;livrée;;22
359;emporter;2025-02-12 11:39:32;livrée;;123
360;sur_place;2025-02-12 15:21:10;livrée;;59
361;livraison;2025-02-12 17:21:48;livrée;26;22
362;livraison;2025-02-12 21:35:38;livrée;49;39
363;livraison;2025-02-12 22:54:36;livrée;135;106
364;livraison;2025-02-12 22:56:47;livrée;257;208
365;livraison;2025-02-13 00:45:25;livrée;122;97
366;emporter;2025-02-13 02:35:45;livrée;;74
367;emporter;2025-02-13 04:58:00;livrée;;41
368;emporter;2025-02-13 04:59:40;livrée;;43
369;emporter;2025-02-13 06:50:04;livrée;;12
370;sur_place;2025-02-13 06:51:01;livrée;;7
371;sur_place;2025-02-13 07:31:04;livrée;;129
372;emporter;2025-02-13 08:56:03;livrée;;100
373;sur_place;2025-02-13 09:53:11;livrée;;94
374;sur_place;2025-02-13 10:28:03;livrée;;74
375;livraison;2025-02-13 10:31:17;livrée;80;63
376;emporter;2025-02-13 11:38:36;livrée;;82
377;emporter;2025-02-13 11:46:17;livrée;;55
378;emporter;2025-02-13 17:47:31;livrée;;67
379;emporter;2025-02-13 20:04:21;livrée;;211
380;livraison;2025-02-14 03:13:33;livrée;145;116
381;sur_place;2025-02-14 04:49:17;livrée;;4
382;livraison;2025-02-14 06:12:17;livrée;266;217
383;emporter;2025-02-14 06:29:11;livrée;;207
384;livraison;2025-02-14 06:55:34;livrée;100;79
385;sur_place;2025-02-14 09:28:16;livrée;;163
386;emporter;2025-02-14 10:16:46;livrée;;112
387;emporter;2025-02-14 11:44:23;livrée;;77
388;emporter;2025-02-14 12:39:53;livrée;;32
389;livraison;2025-02-14 13:34:34;livrée;145;116
390;emporter;2025-02-14 19:01:20;livrée;;36
391;livraison;2025-02-15 00:43:26;livrée;267;217
392;livraison;2025-02-15 04:23:05;livrée;199;162
393;livraison;2025-02-15 04:53:23;livrée;48;38
394;sur_place;2025-02-15 05:32:53;livrée;;194
395;livraison;2025-02-15 05:48:24;livrée;43;34
396;livraison;2025-02-15 07:24:47;livrée;98;77
397;livraison;2025-02-15 08:51:55;livrée;228;186
398;emporter;2025-02-15 10:32:02;livrée;;33
399;sur_place;2025-02-15 11:36:55;livrée;;91
400;sur_place;2025-02-15 13:12:43;livrée;;195
401;sur_place;2025-02-15 18:22:17;livrée;;200
402;sur_place;2025-02-15 18:30:56;livrée;;22
403;emporter;2025-02-15 18:41:15;livrée;;29
404;livraison;2025-02-15 19:32:58;livrée;220;180
405;livraison;2025-02-15 20:48:34;livrée;88;68
406;sur_place;2025-02-15 20:28:31;livrée;;189
407;emporter;2025-02-16 00:10:54;livrée;;220
408;livraison;2025-02-16 01:30:46;livrée;136;107
409;livraison;2025-02-16 03:52:53;livrée;96;75
410;livraison;2025-02-16 04:39:26;livrée;187;150
411;emporter;2025-02-16 08:49:09;livrée;;52
412;sur_place;2025-02-16 09:09:41;livrée;;91
413;livraison;2025-02-16 09:45:10;livrée;262;213
414;emporter;2025-02-16 10:23:52;annulée;;52
415;livraison;2025-02-16 12:44:18;livrée;260;211
416;livraison;2025-02-16 17:25:28;livrée;126;99
417;livraison;2025-02-17 00:25:25;livrée;271;220
418;livraison;2025-02-17 02:03:54;livrée;151;121
419;livraison;2025-02-17 03:04:32;livrée;161;128
420;livraison;2025-02-17 03:47:16;livrée;12;10
421;emporter;2025-02-17 07:48:10;livrée;;58
422;emporter;2025-02-17 07:55:28;livrée;;88
423;sur_place;2025-02-17 08:18:43;livrée;;19
424;livraison;2025-02-17 10:44:22;livrée;219;179
425;livraison;2025-02-17 10:54:06;livrée;182;145
426;sur_place;2025-02-17 13:15:10;livrée;;111
427;sur_place;2025-02-17 15:57:58;livrée;;197
428;emporter;2025-02-17 16:25:02;livrée;;15
429;sur_place;2025-02-17 16:43:45;livrée;;156
430;livraison;2025-02-17 17:27:03;livrée;169;135
431;livraison;2025-02-17 20:11:13;livrée;206;167
432;livraison;2025-02-17 22:06:17;annulée;16;14
433;emporter;2025-02-17 23:25:03;livrée;;193
434;emporter;2025-02-18 00:53:57;annulée;;61
435;livraison;2025-02-18 01:34:25;annulée;257;208
436;sur_place;2025-02-18 02:12:41;livrée;;157
437;emporter;2025-02-18 02:54:28;livrée;;184
438;emporter;2025-02-18 02:54:43;livrée;;131
439;emporter;2025-02-18 04:41:04;annulée;;8
440;sur_place;2025-02-18 05:04:27;livrée;;213
441;livraison;2025-02-18 06:47:16;livrée;170;136
442;sur_place;2025-02-18 07:20:21;livrée;;105
443;sur_place;2025-02-18 12:27:47;livrée;;173
444;livraison;2025-02-18 13:52:26;annulée;11;9
445;emporter;2025-02-18 14:56:22;livrée;;180
446;emporter;2025-02-18 16:04:35;livrée;;25
447;emporter;2025-02-18 17:32:09;livrée;;158
448;sur_place;2025-02-18 20:18:26;livrée;;7
449;livraison;2025-02-18 22:22:32;livrée;46;36
450;livraison;2025-02-18 23:07:03;livrée;221;181
451;emporter;2025-02-19 00:09:50;livrée;;73
452;sur_place;2025-02-19 01:22:08;livrée;;124
453;emporter;2025-02-19 01:49:53;livrée;;57
454;livraison;2025-02-19 04:18:38;livrée;155;124
455;livraison;2025-02-19 10:54:31;livrée;128;101
456;emporter;2025-02-19 12:11:02;livrée;;181
457;sur_place;2025-02-19 14:42:42;livrée;;56
458;livraison;2025-02-19 15:30:15;livrée;122;97
459;emporter;2025-02-19 18:15:53;livrée;;201
460;sur_place;2025-02-19 21:41:14;livrée;;187
461;livraison;2025-02-20 03:11:26;livrée;195;158
462;sur_place;2025-02-20 06:07:10;livrée;;140
463;emporter;2025-02-20 08:45:39;livrée;;30
464;sur_place;2025-02-20 08:51:56;livrée;;96
465;emporter;2025-02-20 09:43:58;livrée;;2
466;emporter;2025-02-20 15:31:11;livrée;;50
467;emporter;2025-02-20 17:08:48;livrée;;152
468;livraison;2025-02-20 23:26:23;livrée;152;122
469;emporter;2025-02-20 23:31:21;livrée;;183
470;sur_place;2025-02-20 23:56:20;livrée;;98
471;emporter;2025-02-21 03:20:54;livrée;;166
472;livraison;2025-02-21 07:58:53;livrée;152;122
473;emporter;2025-02-21 09:41:42;livrée;;5
474;livraison;2025-02-21 10:01:58;livrée;264;215
475;emporter;2025-02-21 17:20:22;livrée;;179
476;livraison;2025-02-21 18:53:47;livrée;61;49
477;livraison;2025-02-21 18:57:23;livrée;245;198
478;sur_place;2025-02-21 22:38:24;livrée;;129
479;livraison;2025-02-21 22:50:38;livrée;31;27
480;livraison;2025-02-22 00:15:24;livrée;83;65
481;livraison;2025-02-22 06:47:52;livrée;98;77
482;emporter;2025-02-22 10:03:58;livrée;;112
483;emporter;2025-02-22 10:52:21;livrée;;181
484;emporter;2025-02-22 11:53:59;livrée;;7
485;sur_place;2025-02-22 12:17:54;livrée;;47
486;livraison;2025-02-22 12:44:26;livrée;30;26
487;livraison;2025-02-22 12:51:52;livrée;192;155
488;emporter;2025-02-22 12:56:14;livrée;;11
489;sur_place;2025-02-22 14:36:03;livrée;;10
490;livraison;2025-02-22 20:23:02;livrée;48;38
491;sur_place;2025-02-22 19:59:49;livrée;;158
492;emporter;2025-02-22 20:15:23;annulée;;174
493;livraison;2025-02-23 01:17:43;livrée;137;108
494;emporter;2025-02-23 02:00:26;livrée;;89
495;sur_place;2025-02-23 02:16:06;livrée;;61
496;livraison;2025-02-23 02:24:59;livrée;115;91
497;sur_place;2025-02-23 02:40:35;annulée;;46
498;livraison;2025-02-23 04:22:15;livrée;134;105
499;sur_place;2025-02-23 04:27:10;livrée;;119
500;livraison;2025-02-23 04:48:06;livrée;151;121
501;livraison;2025-02-23 06:29:15;livrée;241;195
502;livraison;2025-02-23 07:07:33;livrée;12;10
503;sur_place;2025-02-23 07:46:55;livrée;;38
504;sur_place;2025-02-23 11:49:01;livrée;;134
505;livraison;2025-02-23 17:14:18;livrée;237;192
506;emporter;2025-02-23 18:56:06;livrée;;63
507;livraison;2025-02-23 21:23:40;livrée;262;213
508;emporter;2025-02-23 23:04:25;livrée;;151
509;emporter;2025-02-24 00:47:43;livrée;;154
510;sur_place;2025-02-24 01:05:52;livrée;;121
511;emporter;2025-02-24 02:17:06;livrée;;196
512;livraison;2025-02-24 05:09:50;livrée;167;133
513;emporter;2025-02-24 07:10:26;livrée;;104
514;livraison;2025-02-24 07:25:14;livrée;181;144
515;sur_place;2025-02-24 10:29:17;livrée;;181
516;livraison;2025-02-24 15:45:44;livrée;49;39
517;livraison;2025-02-24 19:30:48;livrée;144;115
518;livraison;2025-02-24 19:33:19;livrée;141;112
519;livraison;2025-02-24 23:26:18;livrée;62;49
520;emporter;2025-02-25 04:07:36;livrée;;197
521;emporter;2025-02-25 05:32:41;livrée;;217
522;emporter;2025-02-25 07:33:02;livrée;;98
523;emporter;2025-02-25 07:59:01;livrée;;49
524;emporter;2025-02-25 11:52:50;livrée;;180
525;livraison;2025-02-25 12:05:58;livrée;233;190
526;livraison;2025-02-25 14:44:40;livrée;11;9
527;emporter;2025-02-25 14:50:12;livrée;;66
528;emporter;2025-02-25 16:21:59;livrée;;58
529;sur_place;2025-02-25 16:40:19;annulée;;205
530;sur_place;2025-02-25 17:49:11;livrée;;140
531;emporter;2025-02-26 02:35:46;livrée;;220
532;livraison;2025-02-26 02:53:52;livrée;259;210
533;livraison;2025-02-26 04:23:59;livrée;55;43
534;emporter;2025-02-26 07:32:01;livrée;;77
535;livraison;2025-02-26 08:02:39;livrée;228;186
536;sur_place;2025-02-26 09:18:16;livrée;;157
537;livraison;2025-02-26 11:24:23;livrée;222;182
538;livraison;2025-02-26 14:25:46;livrée;210;171
539;livraison;2025-02-26 16:11:48;livrée;222;182
540;emporter;2025-02-26 18:55:46;livrée;;47
541;emporter;2025-02-27 07:52:58;livrée;;163
542;livraison;2025-02-27 13:04:32;livrée;161;128
543;emporter;2025-02-27 21:30:26;livrée;;51
544;livraison;2025-02-27 22:20:05;livrée;104;83
545;sur_place;2025-02-27 23:31:41;livrée;;107
546;emporter;2025-02-28 02:46:26;livrée;;35
547;livraison;2025-02-28 04:53:58;livrée;261;212
548;emporter;2025-02-28 05:03:32;livrée;;167
549;emporter;2025-02-28 09:38:35;livrée;;116
550;emporter;2025-02-28 20:21:16;livrée;;188
